	ANAT	FMAP	FUNC
sub-006	['sub-006/ses-1/anat/sub-006_ses-1_T1w.nii.gz', 'sub-006/ses-1/anat/sub-006_ses-1_T1w.json']	[]	['sub-006/ses-1/func/sub-006_ses-1_task-resting_bold.nii.gz', 'sub-006/ses-1/func/sub-006_ses-1_task-resting_bold.json', 'sub-006/ses-1/func/sub-006_ses-1_task-training_run-1_bold.nii.gz', 'sub-006/ses-1/func/sub-006_ses-1_task-training_run-1_bold.json', 'sub-006/ses-1/func/sub-006_ses-1_task-resting_events.tsv', 'sub-006/ses-1/func/sub-006_ses-1_task-training_run-1_events.tsv', 'sub-006/ses-1/func/sub-006_ses-1_task-training_run-2_bold.nii.gz', 'sub-006/ses-1/func/sub-006_ses-1_task-training_run-2_bold.json', 'sub-006/ses-1/func/sub-006_ses-1_task-training_run-2_events.tsv', 'sub-006/ses-1/func/sub-006_ses-1_task-pe_run-1_bold.nii.gz', 'sub-006/ses-1/func/sub-006_ses-1_task-pe_run-1_bold.json', 'sub-006/ses-1/func/sub-006_ses-1_task-pe_run-2_bold.nii.gz', 'sub-006/ses-1/func/sub-006_ses-1_task-pe_run-2_bold.json', 'sub-006/ses-1/func/sub-006_ses-1_task-pe_run-1_events.tsv', 'sub-006/ses-1/func/sub-006_ses-1_task-pe_run-2_events.tsv']
sub-007	['sub-007/ses-1/anat/sub-007_ses-1_T1w.nii.gz', 'sub-007/ses-1/anat/sub-007_ses-1_T1w.json']	['sub-007/ses-1/fmap/sub-007_ses-1_phasediff.nii.gz', 'sub-007/ses-1/fmap/sub-007_ses-1_phasediff.json', 'sub-007/ses-1/fmap/sub-007_ses-1_magnitude1.nii.gz', 'sub-007/ses-1/fmap/sub-007_ses-1_magnitude1.json', 'sub-007/ses-1/fmap/sub-007_ses-1_magnitude2.nii.gz', 'sub-007/ses-1/fmap/sub-007_ses-1_magnitude2.json']	['sub-007/ses-1/func/sub-007_ses-1_task-resting_bold.nii.gz', 'sub-007/ses-1/func/sub-007_ses-1_task-resting_bold.json', 'sub-007/ses-1/func/sub-007_ses-1_task-resting_events.tsv', 'sub-007/ses-1/func/sub-007_ses-1_task-training_run-1_bold.nii.gz', 'sub-007/ses-1/func/sub-007_ses-1_task-training_run-1_bold.json', 'sub-007/ses-1/func/sub-007_ses-1_task-training_run-2_bold.nii.gz', 'sub-007/ses-1/func/sub-007_ses-1_task-training_run-2_bold.json', 'sub-007/ses-1/func/sub-007_ses-1_task-training_run-1_events.tsv', 'sub-007/ses-1/func/sub-007_ses-1_task-training_run-2_events.tsv', 'sub-007/ses-1/func/sub-007_ses-1_task-pe_run-1_bold.nii.gz', 'sub-007/ses-1/func/sub-007_ses-1_task-pe_run-1_bold.json', 'sub-007/ses-1/func/sub-007_ses-1_task-pe_run-1_events.tsv', 'sub-007/ses-1/func/sub-007_ses-1_task-pe_run-2_bold.nii.gz', 'sub-007/ses-1/func/sub-007_ses-1_task-pe_run-2_bold.json', 'sub-007/ses-1/func/sub-007_ses-1_task-pe_run-2_events.tsv']
sub-008	['sub-008/ses-1/anat/sub-008_ses-1_T1w.nii.gz', 'sub-008/ses-1/anat/sub-008_ses-1_T1w.json']	['sub-008/ses-1/fmap/sub-008_ses-1_phasediff.nii.gz', 'sub-008/ses-1/fmap/sub-008_ses-1_phasediff.json', 'sub-008/ses-1/fmap/sub-008_ses-1_magnitude1.nii.gz', 'sub-008/ses-1/fmap/sub-008_ses-1_magnitude1.json', 'sub-008/ses-1/fmap/sub-008_ses-1_magnitude2.nii.gz', 'sub-008/ses-1/fmap/sub-008_ses-1_magnitude2.json']	['sub-008/ses-1/func/sub-008_ses-1_task-resting_bold.nii.gz', 'sub-008/ses-1/func/sub-008_ses-1_task-resting_bold.json', 'sub-008/ses-1/func/sub-008_ses-1_task-training_run-1_bold.nii.gz', 'sub-008/ses-1/func/sub-008_ses-1_task-training_run-1_bold.json', 'sub-008/ses-1/func/sub-008_ses-1_task-resting_events.tsv', 'sub-008/ses-1/func/sub-008_ses-1_task-training_run-1_events.tsv', 'sub-008/ses-1/func/sub-008_ses-1_task-training_run-2_bold.nii.gz', 'sub-008/ses-1/func/sub-008_ses-1_task-training_run-2_bold.json', 'sub-008/ses-1/func/sub-008_ses-1_task-training_run-2_events.tsv', 'sub-008/ses-1/func/sub-008_ses-1_task-pe_run-1_bold.nii.gz', 'sub-008/ses-1/func/sub-008_ses-1_task-pe_run-1_bold.json', 'sub-008/ses-1/func/sub-008_ses-1_task-pe_run-1_events.tsv', 'sub-008/ses-1/func/sub-008_ses-1_task-pe_run-2_bold.nii.gz', 'sub-008/ses-1/func/sub-008_ses-1_task-pe_run-2_bold.json', 'sub-008/ses-1/func/sub-008_ses-1_task-pe_run-2_events.tsv']
sub-009	['sub-009/ses-1/anat/sub-009_ses-1_T1w.nii.gz', 'sub-009/ses-1/anat/sub-009_ses-1_T1w.json']	['sub-009/ses-1/fmap/sub-009_ses-1_phasediff.nii.gz', 'sub-009/ses-1/fmap/sub-009_ses-1_phasediff.json', 'sub-009/ses-1/fmap/sub-009_ses-1_magnitude1.nii.gz', 'sub-009/ses-1/fmap/sub-009_ses-1_magnitude1.json', 'sub-009/ses-1/fmap/sub-009_ses-1_magnitude2.nii.gz', 'sub-009/ses-1/fmap/sub-009_ses-1_magnitude2.json']	['sub-009/ses-1/func/sub-009_ses-1_task-resting_bold.nii.gz', 'sub-009/ses-1/func/sub-009_ses-1_task-resting_bold.json', 'sub-009/ses-1/func/sub-009_ses-1_task-training_run-1_bold.json', 'sub-009/ses-1/func/sub-009_ses-1_task-training_run-1_bold.nii.gz', 'sub-009/ses-1/func/sub-009_ses-1_task-training_run-1_events.tsv', 'sub-009/ses-1/func/sub-009_ses-1_task-resting_events.tsv', 'sub-009/ses-1/func/sub-009_ses-1_task-training_run-2_bold.json', 'sub-009/ses-1/func/sub-009_ses-1_task-training_run-2_bold.nii.gz', 'sub-009/ses-1/func/sub-009_ses-1_task-training_run-2_events.tsv', 'sub-009/ses-1/func/sub-009_ses-1_task-pe_run-1_bold.nii.gz', 'sub-009/ses-1/func/sub-009_ses-1_task-pe_run-1_bold.json', 'sub-009/ses-1/func/sub-009_ses-1_task-pe_run-1_events.tsv', 'sub-009/ses-1/func/sub-009_ses-1_task-pe_run-2_bold.nii.gz', 'sub-009/ses-1/func/sub-009_ses-1_task-pe_run-2_bold.json', 'sub-009/ses-1/func/sub-009_ses-1_task-pe_run-2_events.tsv']
sub-010	['sub-010/ses-1/anat/sub-010_ses-1_T1w.nii.gz', 'sub-010/ses-1/anat/sub-010_ses-1_T1w.json']	['sub-010/ses-1/fmap/sub-010_ses-1_phasediff.nii.gz', 'sub-010/ses-1/fmap/sub-010_ses-1_phasediff.json']	[]
sub-011	['sub-011/ses-1/anat/sub-011_ses-1_T1w.nii.gz', 'sub-011/ses-1/anat/sub-011_ses-1_T1w.json']	['sub-011/ses-1/fmap/sub-011_ses-1_phasediff.nii.gz', 'sub-011/ses-1/fmap/sub-011_ses-1_phasediff.json', 'sub-011/ses-1/fmap/sub-011_ses-1_magnitude1.nii.gz', 'sub-011/ses-1/fmap/sub-011_ses-1_magnitude1.json', 'sub-011/ses-1/fmap/sub-011_ses-1_magnitude2.nii.gz', 'sub-011/ses-1/fmap/sub-011_ses-1_magnitude2.json']	['sub-011/ses-1/func/sub-011_ses-1_task-resting_bold.nii.gz', 'sub-011/ses-1/func/sub-011_ses-1_task-resting_bold.json', 'sub-011/ses-1/func/sub-011_ses-1_task-training_run-1_bold.nii.gz', 'sub-011/ses-1/func/sub-011_ses-1_task-training_run-1_bold.json', 'sub-011/ses-1/func/sub-011_ses-1_task-resting_events.tsv', 'sub-011/ses-1/func/sub-011_ses-1_task-training_run-1_events.tsv', 'sub-011/ses-1/func/sub-011_ses-1_task-training_run-2_bold.nii.gz', 'sub-011/ses-1/func/sub-011_ses-1_task-training_run-2_bold.json', 'sub-011/ses-1/func/sub-011_ses-1_task-training_run-2_events.tsv', 'sub-011/ses-1/func/sub-011_ses-1_task-pe_run-1_bold.nii.gz', 'sub-011/ses-1/func/sub-011_ses-1_task-pe_run-1_bold.json', 'sub-011/ses-1/func/sub-011_ses-1_task-pe_run-1_events.tsv', 'sub-011/ses-1/func/sub-011_ses-1_task-pe_run-2_bold.nii.gz', 'sub-011/ses-1/func/sub-011_ses-1_task-pe_run-2_bold.json', 'sub-011/ses-1/func/sub-011_ses-1_task-pe_run-2_events.tsv']
sub-012	['sub-012/ses-1/anat/sub-012_ses-1_T1w.nii.gz', 'sub-012/ses-1/anat/sub-012_ses-1_T1w.json']	[]	[]
sub-014	['sub-014/ses-1/anat/sub-014_ses-1_T1w.nii.gz', 'sub-014/ses-1/anat/sub-014_ses-1_T1w.json']	['sub-014/ses-1/fmap/sub-014_ses-1_phasediff.nii.gz', 'sub-014/ses-1/fmap/sub-014_ses-1_phasediff.json', 'sub-014/ses-1/fmap/sub-014_ses-1_magnitude1.nii.gz', 'sub-014/ses-1/fmap/sub-014_ses-1_magnitude1.json', 'sub-014/ses-1/fmap/sub-014_ses-1_magnitude2.nii.gz', 'sub-014/ses-1/fmap/sub-014_ses-1_magnitude2.json']	['sub-014/ses-1/func/sub-014_ses-1_task-resting_bold.nii.gz', 'sub-014/ses-1/func/sub-014_ses-1_task-resting_bold.json', 'sub-014/ses-1/func/sub-014_ses-1_task-training_run-1_bold.json', 'sub-014/ses-1/func/sub-014_ses-1_task-training_run-1_bold.nii.gz', 'sub-014/ses-1/func/sub-014_ses-1_task-training_run-1_events.tsv', 'sub-014/ses-1/func/sub-014_ses-1_task-training_run-2_bold.json', 'sub-014/ses-1/func/sub-014_ses-1_task-resting_events.tsv', 'sub-014/ses-1/func/sub-014_ses-1_task-training_run-2_bold.nii.gz', 'sub-014/ses-1/func/sub-014_ses-1_task-training_run-2_events.tsv', 'sub-014/ses-1/func/sub-014_ses-1_task-pe_run-1_bold.nii.gz', 'sub-014/ses-1/func/sub-014_ses-1_task-pe_run-1_bold.json', 'sub-014/ses-1/func/sub-014_ses-1_task-pe_run-1_events.tsv', 'sub-014/ses-1/func/sub-014_ses-1_task-pe_run-2_bold.nii.gz', 'sub-014/ses-1/func/sub-014_ses-1_task-pe_run-2_bold.json', 'sub-014/ses-1/func/sub-014_ses-1_task-pe_run-2_events.tsv']
sub-015	['sub-015/ses-1/anat/sub-015_ses-1_T1w.nii.gz', 'sub-015/ses-1/anat/sub-015_ses-1_T1w.json']	['sub-015/ses-1/fmap/sub-015_ses-1_phasediff.nii.gz', 'sub-015/ses-1/fmap/sub-015_ses-1_phasediff.json', 'sub-015/ses-1/fmap/sub-015_ses-1_magnitude1.nii.gz', 'sub-015/ses-1/fmap/sub-015_ses-1_magnitude1.json', 'sub-015/ses-1/fmap/sub-015_ses-1_magnitude2.nii.gz', 'sub-015/ses-1/fmap/sub-015_ses-1_magnitude2.json']	['sub-015/ses-1/func/sub-015_ses-1_task-resting_bold.nii.gz', 'sub-015/ses-1/func/sub-015_ses-1_task-resting_bold.json', 'sub-015/ses-1/func/sub-015_ses-1_task-training_run-1_bold.nii.gz', 'sub-015/ses-1/func/sub-015_ses-1_task-training_run-1_bold.json', 'sub-015/ses-1/func/sub-015_ses-1_task-resting_events.tsv', 'sub-015/ses-1/func/sub-015_ses-1_task-training_run-1_events.tsv', 'sub-015/ses-1/func/sub-015_ses-1_task-training_run-2_bold.nii.gz', 'sub-015/ses-1/func/sub-015_ses-1_task-training_run-2_bold.json', 'sub-015/ses-1/func/sub-015_ses-1_task-training_run-2_events.tsv', 'sub-015/ses-1/func/sub-015_ses-1_task-pe_run-1_bold.nii.gz', 'sub-015/ses-1/func/sub-015_ses-1_task-pe_run-1_bold.json', 'sub-015/ses-1/func/sub-015_ses-1_task-pe_run-1_events.tsv', 'sub-015/ses-1/func/sub-015_ses-1_task-pe_run-2_bold.nii.gz', 'sub-015/ses-1/func/sub-015_ses-1_task-pe_run-2_bold.json', 'sub-015/ses-1/func/sub-015_ses-1_task-pe_run-2_events.tsv']
sub-016	['sub-016/ses-1/anat/sub-016_ses-1_T1w.nii.gz', 'sub-016/ses-1/anat/sub-016_ses-1_T1w.json']	['sub-016/ses-1/fmap/sub-016_ses-1_phasediff.nii.gz', 'sub-016/ses-1/fmap/sub-016_ses-1_phasediff.json', 'sub-016/ses-1/fmap/sub-016_ses-1_magnitude1.nii.gz', 'sub-016/ses-1/fmap/sub-016_ses-1_magnitude1.json', 'sub-016/ses-1/fmap/sub-016_ses-1_magnitude2.nii.gz', 'sub-016/ses-1/fmap/sub-016_ses-1_magnitude2.json']	['sub-016/ses-1/func/sub-016_ses-1_task-resting_bold.nii.gz', 'sub-016/ses-1/func/sub-016_ses-1_task-resting_bold.json', 'sub-016/ses-1/func/sub-016_ses-1_task-training_run-1_bold.nii.gz', 'sub-016/ses-1/func/sub-016_ses-1_task-training_run-1_bold.json', 'sub-016/ses-1/func/sub-016_ses-1_task-resting_events.tsv', 'sub-016/ses-1/func/sub-016_ses-1_task-training_run-1_events.tsv', 'sub-016/ses-1/func/sub-016_ses-1_task-training_run-2_bold.nii.gz', 'sub-016/ses-1/func/sub-016_ses-1_task-training_run-2_bold.json', 'sub-016/ses-1/func/sub-016_ses-1_task-training_run-2_events.tsv', 'sub-016/ses-1/func/sub-016_ses-1_task-pe_run-1_bold.nii.gz', 'sub-016/ses-1/func/sub-016_ses-1_task-pe_run-1_bold.json', 'sub-016/ses-1/func/sub-016_ses-1_task-pe_run-1_events.tsv', 'sub-016/ses-1/func/sub-016_ses-1_task-pe_run-2_bold.nii.gz', 'sub-016/ses-1/func/sub-016_ses-1_task-pe_run-2_bold.json', 'sub-016/ses-1/func/sub-016_ses-1_task-pe_run-2_events.tsv']
sub-019	['sub-019/ses-1/anat/sub-019_ses-1_T1w.nii.gz', 'sub-019/ses-1/anat/sub-019_ses-1_T1w.json']	['sub-019/ses-1/fmap/sub-019_ses-1_phasediff.nii.gz', 'sub-019/ses-1/fmap/sub-019_ses-1_phasediff.json', 'sub-019/ses-1/fmap/sub-019_ses-1_magnitude1.nii.gz', 'sub-019/ses-1/fmap/sub-019_ses-1_magnitude1.json', 'sub-019/ses-1/fmap/sub-019_ses-1_magnitude2.nii.gz', 'sub-019/ses-1/fmap/sub-019_ses-1_magnitude2.json']	['sub-019/ses-1/func/sub-019_ses-1_task-resting_bold.nii.gz', 'sub-019/ses-1/func/sub-019_ses-1_task-resting_bold.json', 'sub-019/ses-1/func/sub-019_ses-1_task-resting_events.tsv', 'sub-019/ses-1/func/sub-019_ses-1_task-training_run-1_bold.nii.gz', 'sub-019/ses-1/func/sub-019_ses-1_task-training_run-1_bold.json', 'sub-019/ses-1/func/sub-019_ses-1_task-training_run-2_bold.nii.gz', 'sub-019/ses-1/func/sub-019_ses-1_task-training_run-2_bold.json', 'sub-019/ses-1/func/sub-019_ses-1_task-training_run-1_events.tsv', 'sub-019/ses-1/func/sub-019_ses-1_task-training_run-2_events.tsv', 'sub-019/ses-1/func/sub-019_ses-1_task-pe_run-1_bold.nii.gz', 'sub-019/ses-1/func/sub-019_ses-1_task-pe_run-1_bold.json', 'sub-019/ses-1/func/sub-019_ses-1_task-pe_run-1_events.tsv', 'sub-019/ses-1/func/sub-019_ses-1_task-pe_run-2_bold.nii.gz', 'sub-019/ses-1/func/sub-019_ses-1_task-pe_run-2_bold.json', 'sub-019/ses-1/func/sub-019_ses-1_task-pe_run-2_events.tsv']
sub-020	['sub-020/ses-1/anat/sub-020_ses-1_T1w.nii.gz', 'sub-020/ses-1/anat/sub-020_ses-1_T1w.json']	['sub-020/ses-1/fmap/sub-020_ses-1_phasediff.nii.gz', 'sub-020/ses-1/fmap/sub-020_ses-1_phasediff.json', 'sub-020/ses-1/fmap/sub-020_ses-1_magnitude1.nii.gz', 'sub-020/ses-1/fmap/sub-020_ses-1_magnitude1.json', 'sub-020/ses-1/fmap/sub-020_ses-1_magnitude2.nii.gz', 'sub-020/ses-1/fmap/sub-020_ses-1_magnitude2.json']	['sub-020/ses-1/func/sub-020_ses-1_task-resting_bold.nii.gz', 'sub-020/ses-1/func/sub-020_ses-1_task-resting_bold.json', 'sub-020/ses-1/func/sub-020_ses-1_task-training_run-1_bold.nii.gz', 'sub-020/ses-1/func/sub-020_ses-1_task-training_run-1_bold.json', 'sub-020/ses-1/func/sub-020_ses-1_task-resting_events.tsv', 'sub-020/ses-1/func/sub-020_ses-1_task-training_run-1_events.tsv', 'sub-020/ses-1/func/sub-020_ses-1_task-pe_run-1_bold.nii.gz', 'sub-020/ses-1/func/sub-020_ses-1_task-pe_run-1_bold.json', 'sub-020/ses-1/func/sub-020_ses-1_task-pe_run-1_events.tsv']
sub-021	['sub-021/ses-1/anat/sub-021_ses-1_T1w.nii.gz', 'sub-021/ses-1/anat/sub-021_ses-1_T1w.json']	['sub-021/ses-1/fmap/sub-021_ses-1_phasediff.nii.gz', 'sub-021/ses-1/fmap/sub-021_ses-1_phasediff.json', 'sub-021/ses-1/fmap/sub-021_ses-1_magnitude1.nii.gz', 'sub-021/ses-1/fmap/sub-021_ses-1_magnitude1.json', 'sub-021/ses-1/fmap/sub-021_ses-1_magnitude2.nii.gz', 'sub-021/ses-1/fmap/sub-021_ses-1_magnitude2.json']	['sub-021/ses-1/func/sub-021_ses-1_task-resting_bold.nii.gz', 'sub-021/ses-1/func/sub-021_ses-1_task-resting_bold.json', 'sub-021/ses-1/func/sub-021_ses-1_task-resting_events.tsv', 'sub-021/ses-1/func/sub-021_ses-1_task-training_run-1_bold.nii.gz', 'sub-021/ses-1/func/sub-021_ses-1_task-training_run-1_bold.json', 'sub-021/ses-1/func/sub-021_ses-1_task-training_run-2_bold.nii.gz', 'sub-021/ses-1/func/sub-021_ses-1_task-training_run-2_bold.json', 'sub-021/ses-1/func/sub-021_ses-1_task-training_run-1_events.tsv', 'sub-021/ses-1/func/sub-021_ses-1_task-training_run-2_events.tsv', 'sub-021/ses-1/func/sub-021_ses-1_task-pe_run-1_bold.nii.gz', 'sub-021/ses-1/func/sub-021_ses-1_task-pe_run-1_bold.json', 'sub-021/ses-1/func/sub-021_ses-1_task-pe_run-1_events.tsv', 'sub-021/ses-1/func/sub-021_ses-1_task-pe_run-2_bold.nii.gz', 'sub-021/ses-1/func/sub-021_ses-1_task-pe_run-2_bold.json', 'sub-021/ses-1/func/sub-021_ses-1_task-pe_run-2_events.tsv']
sub-022	['sub-022/ses-1/anat/sub-022_ses-1_T1w.nii.gz', 'sub-022/ses-1/anat/sub-022_ses-1_T1w.json']	['sub-022/ses-1/fmap/sub-022_ses-1_phasediff.nii.gz', 'sub-022/ses-1/fmap/sub-022_ses-1_phasediff.json', 'sub-022/ses-1/fmap/sub-022_ses-1_magnitude1.nii.gz', 'sub-022/ses-1/fmap/sub-022_ses-1_magnitude1.json', 'sub-022/ses-1/fmap/sub-022_ses-1_magnitude2.nii.gz', 'sub-022/ses-1/fmap/sub-022_ses-1_magnitude2.json']	['sub-022/ses-1/func/sub-022_ses-1_task-resting_bold.nii.gz', 'sub-022/ses-1/func/sub-022_ses-1_task-resting_bold.json', 'sub-022/ses-1/func/sub-022_ses-1_task-resting_events.tsv', 'sub-022/ses-1/func/sub-022_ses-1_task-training_run-1_bold.nii.gz', 'sub-022/ses-1/func/sub-022_ses-1_task-training_run-1_bold.json', 'sub-022/ses-1/func/sub-022_ses-1_task-training_run-1_events.tsv', 'sub-022/ses-1/func/sub-022_ses-1_task-training_run-2_bold.nii.gz', 'sub-022/ses-1/func/sub-022_ses-1_task-training_run-2_bold.json', 'sub-022/ses-1/func/sub-022_ses-1_task-training_run-2_events.tsv', 'sub-022/ses-1/func/sub-022_ses-1_task-pe_run-1_bold.nii.gz', 'sub-022/ses-1/func/sub-022_ses-1_task-pe_run-1_bold.json', 'sub-022/ses-1/func/sub-022_ses-1_task-pe_run-1_events.tsv', 'sub-022/ses-1/func/sub-022_ses-1_task-pe_run-2_bold.nii.gz', 'sub-022/ses-1/func/sub-022_ses-1_task-pe_run-2_bold.json', 'sub-022/ses-1/func/sub-022_ses-1_task-pe_run-2_events.tsv']
sub-023	['sub-023/ses-1/anat/sub-023_ses-1_T1w.nii.gz', 'sub-023/ses-1/anat/sub-023_ses-1_T1w.json']	['sub-023/ses-1/fmap/sub-023_ses-1_phasediff.nii.gz', 'sub-023/ses-1/fmap/sub-023_ses-1_phasediff.json', 'sub-023/ses-1/fmap/sub-023_ses-1_magnitude1.nii.gz', 'sub-023/ses-1/fmap/sub-023_ses-1_magnitude1.json', 'sub-023/ses-1/fmap/sub-023_ses-1_magnitude2.nii.gz', 'sub-023/ses-1/fmap/sub-023_ses-1_magnitude2.json']	['sub-023/ses-1/func/sub-023_ses-1_task-resting_bold.nii.gz', 'sub-023/ses-1/func/sub-023_ses-1_task-resting_bold.json', 'sub-023/ses-1/func/sub-023_ses-1_task-resting_events.tsv', 'sub-023/ses-1/func/sub-023_ses-1_task-training_run-1_bold.nii.gz', 'sub-023/ses-1/func/sub-023_ses-1_task-training_run-1_bold.json', 'sub-023/ses-1/func/sub-023_ses-1_task-training_run-2_bold.nii.gz', 'sub-023/ses-1/func/sub-023_ses-1_task-training_run-2_bold.json', 'sub-023/ses-1/func/sub-023_ses-1_task-training_run-1_events.tsv', 'sub-023/ses-1/func/sub-023_ses-1_task-training_run-2_events.tsv', 'sub-023/ses-1/func/sub-023_ses-1_task-pe_run-1_bold.nii.gz', 'sub-023/ses-1/func/sub-023_ses-1_task-pe_run-1_bold.json', 'sub-023/ses-1/func/sub-023_ses-1_task-pe_run-1_events.tsv', 'sub-023/ses-1/func/sub-023_ses-1_task-pe_run-2_bold.nii.gz', 'sub-023/ses-1/func/sub-023_ses-1_task-pe_run-2_bold.json', 'sub-023/ses-1/func/sub-023_ses-1_task-pe_run-2_events.tsv']
sub-025	['sub-025/ses-1/anat/sub-025_ses-1_T1w.nii.gz', 'sub-025/ses-1/anat/sub-025_ses-1_T1w.json']	['sub-025/ses-1/fmap/sub-025_ses-1_phasediff.nii.gz', 'sub-025/ses-1/fmap/sub-025_ses-1_phasediff.json', 'sub-025/ses-1/fmap/sub-025_ses-1_magnitude1.nii.gz', 'sub-025/ses-1/fmap/sub-025_ses-1_magnitude1.json', 'sub-025/ses-1/fmap/sub-025_ses-1_magnitude2.nii.gz', 'sub-025/ses-1/fmap/sub-025_ses-1_magnitude2.json']	['sub-025/ses-1/func/sub-025_ses-1_task-resting_bold.nii.gz', 'sub-025/ses-1/func/sub-025_ses-1_task-resting_bold.json', 'sub-025/ses-1/func/sub-025_ses-1_task-resting_events.tsv', 'sub-025/ses-1/func/sub-025_ses-1_task-training_run-1_bold.nii.gz', 'sub-025/ses-1/func/sub-025_ses-1_task-training_run-1_bold.json', 'sub-025/ses-1/func/sub-025_ses-1_task-training_run-1_events.tsv', 'sub-025/ses-1/func/sub-025_ses-1_task-training_run-2_bold.nii.gz', 'sub-025/ses-1/func/sub-025_ses-1_task-training_run-2_bold.json', 'sub-025/ses-1/func/sub-025_ses-1_task-training_run-2_events.tsv', 'sub-025/ses-1/func/sub-025_ses-1_task-pe_run-1_bold.nii.gz', 'sub-025/ses-1/func/sub-025_ses-1_task-pe_run-1_bold.json', 'sub-025/ses-1/func/sub-025_ses-1_task-pe_run-1_events.tsv', 'sub-025/ses-1/func/sub-025_ses-1_task-pe_run-2_bold.nii.gz', 'sub-025/ses-1/func/sub-025_ses-1_task-pe_run-2_bold.json', 'sub-025/ses-1/func/sub-025_ses-1_task-pe_run-2_events.tsv']
sub-026	['sub-026/ses-1/anat/sub-026_ses-1_T1w.nii.gz', 'sub-026/ses-1/anat/sub-026_ses-1_T1w.json']	['sub-026/ses-1/fmap/sub-026_ses-1_phasediff.nii.gz', 'sub-026/ses-1/fmap/sub-026_ses-1_phasediff.json', 'sub-026/ses-1/fmap/sub-026_ses-1_magnitude1.nii.gz', 'sub-026/ses-1/fmap/sub-026_ses-1_magnitude1.json', 'sub-026/ses-1/fmap/sub-026_ses-1_magnitude2.nii.gz', 'sub-026/ses-1/fmap/sub-026_ses-1_magnitude2.json']	['sub-026/ses-1/func/sub-026_ses-1_task-resting_bold.nii.gz', 'sub-026/ses-1/func/sub-026_ses-1_task-resting_bold.json', 'sub-026/ses-1/func/sub-026_ses-1_task-resting_events.tsv', 'sub-026/ses-1/func/sub-026_ses-1_task-training_run-1_bold.nii.gz', 'sub-026/ses-1/func/sub-026_ses-1_task-training_run-1_bold.json', 'sub-026/ses-1/func/sub-026_ses-1_task-training_run-1_events.tsv', 'sub-026/ses-1/func/sub-026_ses-1_task-training_run-2_bold.nii.gz', 'sub-026/ses-1/func/sub-026_ses-1_task-training_run-2_bold.json', 'sub-026/ses-1/func/sub-026_ses-1_task-training_run-2_events.tsv', 'sub-026/ses-1/func/sub-026_ses-1_task-pe_run-1_bold.nii.gz', 'sub-026/ses-1/func/sub-026_ses-1_task-pe_run-1_bold.json', 'sub-026/ses-1/func/sub-026_ses-1_task-pe_run-1_events.tsv', 'sub-026/ses-1/func/sub-026_ses-1_task-pe_run-2_bold.nii.gz', 'sub-026/ses-1/func/sub-026_ses-1_task-pe_run-2_bold.json', 'sub-026/ses-1/func/sub-026_ses-1_task-pe_run-2_events.tsv']
sub-028	['sub-028/ses-1/anat/sub-028_ses-1_T1w.nii.gz', 'sub-028/ses-1/anat/sub-028_ses-1_T1w.json']	['sub-028/ses-1/fmap/sub-028_ses-1_phasediff.nii.gz', 'sub-028/ses-1/fmap/sub-028_ses-1_phasediff.json', 'sub-028/ses-1/fmap/sub-028_ses-1_magnitude1.nii.gz', 'sub-028/ses-1/fmap/sub-028_ses-1_magnitude1.json', 'sub-028/ses-1/fmap/sub-028_ses-1_magnitude2.nii.gz', 'sub-028/ses-1/fmap/sub-028_ses-1_magnitude2.json']	['sub-028/ses-1/func/sub-028_ses-1_task-resting_bold.nii.gz', 'sub-028/ses-1/func/sub-028_ses-1_task-resting_bold.json', 'sub-028/ses-1/func/sub-028_ses-1_task-training_run-1_bold.nii.gz', 'sub-028/ses-1/func/sub-028_ses-1_task-training_run-1_bold.json', 'sub-028/ses-1/func/sub-028_ses-1_task-resting_events.tsv', 'sub-028/ses-1/func/sub-028_ses-1_task-training_run-1_events.tsv', 'sub-028/ses-1/func/sub-028_ses-1_task-training_run-2_bold.nii.gz', 'sub-028/ses-1/func/sub-028_ses-1_task-training_run-2_bold.json', 'sub-028/ses-1/func/sub-028_ses-1_task-training_run-2_events.tsv', 'sub-028/ses-1/func/sub-028_ses-1_task-pe_run-1_bold.nii.gz', 'sub-028/ses-1/func/sub-028_ses-1_task-pe_run-1_bold.json', 'sub-028/ses-1/func/sub-028_ses-1_task-pe_run-1_events.tsv', 'sub-028/ses-1/func/sub-028_ses-1_task-pe_run-2_bold.nii.gz', 'sub-028/ses-1/func/sub-028_ses-1_task-pe_run-2_bold.json', 'sub-028/ses-1/func/sub-028_ses-1_task-pe_run-2_events.tsv']
sub-029	['sub-029/ses-1/anat/sub-029_ses-1_T1w.nii.gz', 'sub-029/ses-1/anat/sub-029_ses-1_T1w.json']	['sub-029/ses-1/fmap/sub-029_ses-1_phasediff.nii.gz', 'sub-029/ses-1/fmap/sub-029_ses-1_phasediff.json', 'sub-029/ses-1/fmap/sub-029_ses-1_magnitude1.nii.gz', 'sub-029/ses-1/fmap/sub-029_ses-1_magnitude1.json', 'sub-029/ses-1/fmap/sub-029_ses-1_magnitude2.nii.gz', 'sub-029/ses-1/fmap/sub-029_ses-1_magnitude2.json']	['sub-029/ses-1/func/sub-029_ses-1_task-resting_bold.nii.gz', 'sub-029/ses-1/func/sub-029_ses-1_task-resting_bold.json', 'sub-029/ses-1/func/sub-029_ses-1_task-training_run-1_bold.nii.gz', 'sub-029/ses-1/func/sub-029_ses-1_task-training_run-1_bold.json', 'sub-029/ses-1/func/sub-029_ses-1_task-resting_events.tsv', 'sub-029/ses-1/func/sub-029_ses-1_task-training_run-1_events.tsv', 'sub-029/ses-1/func/sub-029_ses-1_task-training_run-2_bold.nii.gz', 'sub-029/ses-1/func/sub-029_ses-1_task-training_run-2_bold.json', 'sub-029/ses-1/func/sub-029_ses-1_task-training_run-2_events.tsv', 'sub-029/ses-1/func/sub-029_ses-1_task-pe_run-1_bold.nii.gz', 'sub-029/ses-1/func/sub-029_ses-1_task-pe_run-1_bold.json', 'sub-029/ses-1/func/sub-029_ses-1_task-pe_run-1_events.tsv', 'sub-029/ses-1/func/sub-029_ses-1_task-pe_run-2_bold.nii.gz', 'sub-029/ses-1/func/sub-029_ses-1_task-pe_run-2_bold.json', 'sub-029/ses-1/func/sub-029_ses-1_task-pe_run-2_events.tsv']
sub-030	['sub-030/ses-1/anat/sub-030_ses-1_T1w.nii.gz', 'sub-030/ses-1/anat/sub-030_ses-1_T1w.json']	['sub-030/ses-1/fmap/sub-030_ses-1_phasediff.nii.gz', 'sub-030/ses-1/fmap/sub-030_ses-1_phasediff.json', 'sub-030/ses-1/fmap/sub-030_ses-1_magnitude1.nii.gz', 'sub-030/ses-1/fmap/sub-030_ses-1_magnitude1.json', 'sub-030/ses-1/fmap/sub-030_ses-1_magnitude2.nii.gz', 'sub-030/ses-1/fmap/sub-030_ses-1_magnitude2.json']	['sub-030/ses-1/func/sub-030_ses-1_task-resting_bold.nii.gz', 'sub-030/ses-1/func/sub-030_ses-1_task-resting_bold.json', 'sub-030/ses-1/func/sub-030_ses-1_task-training_run-1_bold.nii.gz', 'sub-030/ses-1/func/sub-030_ses-1_task-training_run-1_bold.json', 'sub-030/ses-1/func/sub-030_ses-1_task-resting_events.tsv', 'sub-030/ses-1/func/sub-030_ses-1_task-training_run-1_events.tsv', 'sub-030/ses-1/func/sub-030_ses-1_task-training_run-2_bold.nii.gz', 'sub-030/ses-1/func/sub-030_ses-1_task-training_run-2_bold.json', 'sub-030/ses-1/func/sub-030_ses-1_task-training_run-2_events.tsv', 'sub-030/ses-1/func/sub-030_ses-1_task-pe_run-1_bold.nii.gz', 'sub-030/ses-1/func/sub-030_ses-1_task-pe_run-1_bold.json', 'sub-030/ses-1/func/sub-030_ses-1_task-pe_run-1_events.tsv', 'sub-030/ses-1/func/sub-030_ses-1_task-pe_run-2_bold.nii.gz', 'sub-030/ses-1/func/sub-030_ses-1_task-pe_run-2_bold.json', 'sub-030/ses-1/func/sub-030_ses-1_task-pe_run-2_events.tsv']
sub-031	['sub-031/ses-1/anat/sub-031_ses-1_T1w.nii.gz', 'sub-031/ses-1/anat/sub-031_ses-1_T1w.json']	[]	['sub-031/ses-1/func/sub-031_ses-1_task-resting_bold.nii.gz', 'sub-031/ses-1/func/sub-031_ses-1_task-resting_bold.json', 'sub-031/ses-1/func/sub-031_ses-1_task-training_run-1_bold.nii.gz', 'sub-031/ses-1/func/sub-031_ses-1_task-training_run-1_bold.json', 'sub-031/ses-1/func/sub-031_ses-1_task-resting_events.tsv', 'sub-031/ses-1/func/sub-031_ses-1_task-training_run-1_events.tsv', 'sub-031/ses-1/func/sub-031_ses-1_task-training_run-2_bold.nii.gz', 'sub-031/ses-1/func/sub-031_ses-1_task-training_run-2_bold.json', 'sub-031/ses-1/func/sub-031_ses-1_task-training_run-2_events.tsv', 'sub-031/ses-1/func/sub-031_ses-1_task-pe_run-1_bold.nii.gz', 'sub-031/ses-1/func/sub-031_ses-1_task-pe_run-1_bold.json', 'sub-031/ses-1/func/sub-031_ses-1_task-pe_run-1_events.tsv', 'sub-031/ses-1/func/sub-031_ses-1_task-pe_run-2_bold.nii.gz', 'sub-031/ses-1/func/sub-031_ses-1_task-pe_run-2_bold.json', 'sub-031/ses-1/func/sub-031_ses-1_task-pe_run-2_events.tsv']
sub-032	['sub-032/ses-1/anat/sub-032_ses-1_T1w.nii.gz', 'sub-032/ses-1/anat/sub-032_ses-1_T1w.json']	['sub-032/ses-1/fmap/sub-032_ses-1_phasediff.nii.gz', 'sub-032/ses-1/fmap/sub-032_ses-1_phasediff.json', 'sub-032/ses-1/fmap/sub-032_ses-1_magnitude1.nii.gz', 'sub-032/ses-1/fmap/sub-032_ses-1_magnitude1.json', 'sub-032/ses-1/fmap/sub-032_ses-1_magnitude2.nii.gz', 'sub-032/ses-1/fmap/sub-032_ses-1_magnitude2.json']	['sub-032/ses-1/func/sub-032_ses-1_task-resting_bold.nii.gz', 'sub-032/ses-1/func/sub-032_ses-1_task-resting_bold.json', 'sub-032/ses-1/func/sub-032_ses-1_task-training_run-1_bold.nii.gz', 'sub-032/ses-1/func/sub-032_ses-1_task-training_run-1_bold.json', 'sub-032/ses-1/func/sub-032_ses-1_task-resting_events.tsv', 'sub-032/ses-1/func/sub-032_ses-1_task-training_run-1_events.tsv', 'sub-032/ses-1/func/sub-032_ses-1_task-training_run-2_bold.nii.gz', 'sub-032/ses-1/func/sub-032_ses-1_task-training_run-2_bold.json', 'sub-032/ses-1/func/sub-032_ses-1_task-training_run-2_events.tsv', 'sub-032/ses-1/func/sub-032_ses-1_task-pe_run-1_bold.nii.gz', 'sub-032/ses-1/func/sub-032_ses-1_task-pe_run-1_bold.json', 'sub-032/ses-1/func/sub-032_ses-1_task-pe_run-1_events.tsv', 'sub-032/ses-1/func/sub-032_ses-1_task-pe_run-2_bold.nii.gz', 'sub-032/ses-1/func/sub-032_ses-1_task-pe_run-2_bold.json', 'sub-032/ses-1/func/sub-032_ses-1_task-pe_run-2_events.tsv']
sub-033	['sub-033/ses-1/anat/sub-033_ses-1_T1w.nii.gz', 'sub-033/ses-1/anat/sub-033_ses-1_T1w.json']	['sub-033/ses-1/fmap/sub-033_ses-1_phasediff.nii.gz', 'sub-033/ses-1/fmap/sub-033_ses-1_phasediff.json', 'sub-033/ses-1/fmap/sub-033_ses-1_magnitude1.nii.gz', 'sub-033/ses-1/fmap/sub-033_ses-1_magnitude1.json', 'sub-033/ses-1/fmap/sub-033_ses-1_magnitude2.nii.gz', 'sub-033/ses-1/fmap/sub-033_ses-1_magnitude2.json']	['sub-033/ses-1/func/sub-033_ses-1_task-resting_bold.nii.gz', 'sub-033/ses-1/func/sub-033_ses-1_task-resting_bold.json', 'sub-033/ses-1/func/sub-033_ses-1_task-training_run-1_bold.nii.gz', 'sub-033/ses-1/func/sub-033_ses-1_task-training_run-1_bold.json', 'sub-033/ses-1/func/sub-033_ses-1_task-resting_events.tsv', 'sub-033/ses-1/func/sub-033_ses-1_task-training_run-1_events.tsv', 'sub-033/ses-1/func/sub-033_ses-1_task-training_run-2_bold.nii.gz', 'sub-033/ses-1/func/sub-033_ses-1_task-training_run-2_bold.json', 'sub-033/ses-1/func/sub-033_ses-1_task-training_run-2_events.tsv', 'sub-033/ses-1/func/sub-033_ses-1_task-pe_run-1_bold.nii.gz', 'sub-033/ses-1/func/sub-033_ses-1_task-pe_run-1_bold.json', 'sub-033/ses-1/func/sub-033_ses-1_task-pe_run-1_events.tsv', 'sub-033/ses-1/func/sub-033_ses-1_task-pe_run-2_bold.nii.gz', 'sub-033/ses-1/func/sub-033_ses-1_task-pe_run-2_bold.json', 'sub-033/ses-1/func/sub-033_ses-1_task-pe_run-2_events.tsv']
sub-034	['sub-034/ses-1/anat/sub-034_ses-1_T1w.nii.gz', 'sub-034/ses-1/anat/sub-034_ses-1_T1w.json']	['sub-034/ses-1/fmap/sub-034_ses-1_phasediff.nii.gz', 'sub-034/ses-1/fmap/sub-034_ses-1_phasediff.json', 'sub-034/ses-1/fmap/sub-034_ses-1_magnitude1.nii.gz', 'sub-034/ses-1/fmap/sub-034_ses-1_magnitude1.json', 'sub-034/ses-1/fmap/sub-034_ses-1_magnitude2.nii.gz', 'sub-034/ses-1/fmap/sub-034_ses-1_magnitude2.json']	['sub-034/ses-1/func/sub-034_ses-1_task-resting_bold.nii.gz', 'sub-034/ses-1/func/sub-034_ses-1_task-resting_bold.json', 'sub-034/ses-1/func/sub-034_ses-1_task-training_run-1_bold.nii.gz', 'sub-034/ses-1/func/sub-034_ses-1_task-training_run-1_bold.json', 'sub-034/ses-1/func/sub-034_ses-1_task-resting_events.tsv', 'sub-034/ses-1/func/sub-034_ses-1_task-training_run-1_events.tsv', 'sub-034/ses-1/func/sub-034_ses-1_task-training_run-2_bold.nii.gz', 'sub-034/ses-1/func/sub-034_ses-1_task-training_run-2_bold.json', 'sub-034/ses-1/func/sub-034_ses-1_task-training_run-2_events.tsv', 'sub-034/ses-1/func/sub-034_ses-1_task-pe_run-1_bold.nii.gz', 'sub-034/ses-1/func/sub-034_ses-1_task-pe_run-1_bold.json', 'sub-034/ses-1/func/sub-034_ses-1_task-pe_run-1_events.tsv', 'sub-034/ses-1/func/sub-034_ses-1_task-pe_run-2_bold.nii.gz', 'sub-034/ses-1/func/sub-034_ses-1_task-pe_run-2_bold.json', 'sub-034/ses-1/func/sub-034_ses-1_task-pe_run-2_events.tsv']
sub-036	['sub-036/ses-1/anat/sub-036_ses-1_T1w.nii.gz', 'sub-036/ses-1/anat/sub-036_ses-1_T1w.json']	['sub-036/ses-1/fmap/sub-036_ses-1_phasediff.nii.gz', 'sub-036/ses-1/fmap/sub-036_ses-1_phasediff.json', 'sub-036/ses-1/fmap/sub-036_ses-1_magnitude1.nii.gz', 'sub-036/ses-1/fmap/sub-036_ses-1_magnitude1.json', 'sub-036/ses-1/fmap/sub-036_ses-1_magnitude2.nii.gz', 'sub-036/ses-1/fmap/sub-036_ses-1_magnitude2.json']	['sub-036/ses-1/func/sub-036_ses-1_task-resting_bold.nii.gz', 'sub-036/ses-1/func/sub-036_ses-1_task-resting_bold.json', 'sub-036/ses-1/func/sub-036_ses-1_task-training_run-1_bold.nii.gz', 'sub-036/ses-1/func/sub-036_ses-1_task-training_run-1_bold.json', 'sub-036/ses-1/func/sub-036_ses-1_task-resting_events.tsv', 'sub-036/ses-1/func/sub-036_ses-1_task-training_run-1_events.tsv', 'sub-036/ses-1/func/sub-036_ses-1_task-training_run-2_bold.nii.gz', 'sub-036/ses-1/func/sub-036_ses-1_task-training_run-2_bold.json', 'sub-036/ses-1/func/sub-036_ses-1_task-training_run-2_events.tsv', 'sub-036/ses-1/func/sub-036_ses-1_task-pe_run-1_bold.nii.gz', 'sub-036/ses-1/func/sub-036_ses-1_task-pe_run-1_bold.json', 'sub-036/ses-1/func/sub-036_ses-1_task-pe_run-1_events.tsv', 'sub-036/ses-1/func/sub-036_ses-1_task-pe_run-2_bold.nii.gz', 'sub-036/ses-1/func/sub-036_ses-1_task-pe_run-2_bold.json', 'sub-036/ses-1/func/sub-036_ses-1_task-pe_run-2_events.tsv']
sub-037	['sub-037/ses-1/anat/sub-037_ses-1_T1w.nii.gz', 'sub-037/ses-1/anat/sub-037_ses-1_T1w.json']	['sub-037/ses-1/fmap/sub-037_ses-1_phasediff.nii.gz', 'sub-037/ses-1/fmap/sub-037_ses-1_phasediff.json']	[]
sub-038	['sub-038/ses-1/anat/sub-038_ses-1_T1w.nii.gz', 'sub-038/ses-1/anat/sub-038_ses-1_T1w.json']	['sub-038/ses-1/fmap/sub-038_ses-1_phasediff.nii.gz', 'sub-038/ses-1/fmap/sub-038_ses-1_phasediff.json', 'sub-038/ses-1/fmap/sub-038_ses-1_magnitude1.nii.gz', 'sub-038/ses-1/fmap/sub-038_ses-1_magnitude1.json', 'sub-038/ses-1/fmap/sub-038_ses-1_magnitude2.nii.gz', 'sub-038/ses-1/fmap/sub-038_ses-1_magnitude2.json']	['sub-038/ses-1/func/sub-038_ses-1_task-resting_bold.nii.gz', 'sub-038/ses-1/func/sub-038_ses-1_task-resting_bold.json', 'sub-038/ses-1/func/sub-038_ses-1_task-training_run-1_bold.nii.gz', 'sub-038/ses-1/func/sub-038_ses-1_task-training_run-1_bold.json', 'sub-038/ses-1/func/sub-038_ses-1_task-resting_events.tsv', 'sub-038/ses-1/func/sub-038_ses-1_task-training_run-1_events.tsv', 'sub-038/ses-1/func/sub-038_ses-1_task-training_run-2_bold.nii.gz', 'sub-038/ses-1/func/sub-038_ses-1_task-training_run-2_bold.json', 'sub-038/ses-1/func/sub-038_ses-1_task-training_run-2_events.tsv', 'sub-038/ses-1/func/sub-038_ses-1_task-pe_run-1_bold.nii.gz', 'sub-038/ses-1/func/sub-038_ses-1_task-pe_run-1_bold.json', 'sub-038/ses-1/func/sub-038_ses-1_task-pe_run-1_events.tsv', 'sub-038/ses-1/func/sub-038_ses-1_task-pe_run-2_bold.nii.gz', 'sub-038/ses-1/func/sub-038_ses-1_task-pe_run-2_bold.json', 'sub-038/ses-1/func/sub-038_ses-1_task-pe_run-2_events.tsv']
sub-039	['sub-039/ses-1/anat/sub-039_ses-1_T1w.nii.gz', 'sub-039/ses-1/anat/sub-039_ses-1_T1w.json']	['sub-039/ses-1/fmap/sub-039_ses-1_phasediff.nii.gz', 'sub-039/ses-1/fmap/sub-039_ses-1_phasediff.json', 'sub-039/ses-1/fmap/sub-039_ses-1_magnitude1.nii.gz', 'sub-039/ses-1/fmap/sub-039_ses-1_magnitude1.json', 'sub-039/ses-1/fmap/sub-039_ses-1_magnitude2.nii.gz', 'sub-039/ses-1/fmap/sub-039_ses-1_magnitude2.json']	['sub-039/ses-1/func/sub-039_ses-1_task-resting_bold.nii.gz', 'sub-039/ses-1/func/sub-039_ses-1_task-resting_bold.json', 'sub-039/ses-1/func/sub-039_ses-1_task-resting_events.tsv', 'sub-039/ses-1/func/sub-039_ses-1_task-training_run-1_bold.nii.gz', 'sub-039/ses-1/func/sub-039_ses-1_task-training_run-1_bold.json', 'sub-039/ses-1/func/sub-039_ses-1_task-training_run-2_bold.nii.gz', 'sub-039/ses-1/func/sub-039_ses-1_task-training_run-2_bold.json', 'sub-039/ses-1/func/sub-039_ses-1_task-training_run-1_events.tsv', 'sub-039/ses-1/func/sub-039_ses-1_task-training_run-2_events.tsv', 'sub-039/ses-1/func/sub-039_ses-1_task-pe_run-1_bold.nii.gz', 'sub-039/ses-1/func/sub-039_ses-1_task-pe_run-1_bold.json', 'sub-039/ses-1/func/sub-039_ses-1_task-pe_run-1_events.tsv', 'sub-039/ses-1/func/sub-039_ses-1_task-pe_run-2_bold.nii.gz', 'sub-039/ses-1/func/sub-039_ses-1_task-pe_run-2_bold.json', 'sub-039/ses-1/func/sub-039_ses-1_task-pe_run-2_events.tsv']
sub-040	['sub-040/ses-1/anat/sub-040_ses-1_T1w.nii.gz', 'sub-040/ses-1/anat/sub-040_ses-1_T1w.json']	[]	[]
sub-041	['sub-041/ses-1/anat/sub-041_ses-1_T1w.nii.gz', 'sub-041/ses-1/anat/sub-041_ses-1_T1w.json']	['sub-041/ses-1/fmap/sub-041_ses-1_phasediff.nii.gz', 'sub-041/ses-1/fmap/sub-041_ses-1_phasediff.json', 'sub-041/ses-1/fmap/sub-041_ses-1_magnitude1.nii.gz', 'sub-041/ses-1/fmap/sub-041_ses-1_magnitude1.json', 'sub-041/ses-1/fmap/sub-041_ses-1_magnitude2.nii.gz', 'sub-041/ses-1/fmap/sub-041_ses-1_magnitude2.json']	['sub-041/ses-1/func/sub-041_ses-1_task-resting_bold.nii.gz', 'sub-041/ses-1/func/sub-041_ses-1_task-resting_bold.json', 'sub-041/ses-1/func/sub-041_ses-1_task-resting_events.tsv', 'sub-041/ses-1/func/sub-041_ses-1_task-training_run-1_bold.nii.gz', 'sub-041/ses-1/func/sub-041_ses-1_task-training_run-1_bold.json', 'sub-041/ses-1/func/sub-041_ses-1_task-training_run-2_bold.nii.gz', 'sub-041/ses-1/func/sub-041_ses-1_task-training_run-2_bold.json', 'sub-041/ses-1/func/sub-041_ses-1_task-pe_run-1_bold.nii.gz', 'sub-041/ses-1/func/sub-041_ses-1_task-pe_run-1_bold.json', 'sub-041/ses-1/func/sub-041_ses-1_task-training_run-1_events.tsv', 'sub-041/ses-1/func/sub-041_ses-1_task-training_run-2_events.tsv', 'sub-041/ses-1/func/sub-041_ses-1_task-pe_run-1_events.tsv', 'sub-041/ses-1/func/sub-041_ses-1_task-pe_run-2_bold.nii.gz', 'sub-041/ses-1/func/sub-041_ses-1_task-pe_run-2_bold.json', 'sub-041/ses-1/func/sub-041_ses-1_task-pe_run-2_events.tsv']
sub-043	['sub-043/ses-1/anat/sub-043_ses-1_T1w.nii.gz', 'sub-043/ses-1/anat/sub-043_ses-1_T1w.json']	['sub-043/ses-1/fmap/sub-043_ses-1_phasediff.nii.gz', 'sub-043/ses-1/fmap/sub-043_ses-1_phasediff.json', 'sub-043/ses-1/fmap/sub-043_ses-1_magnitude1.nii.gz', 'sub-043/ses-1/fmap/sub-043_ses-1_magnitude1.json', 'sub-043/ses-1/fmap/sub-043_ses-1_magnitude2.nii.gz', 'sub-043/ses-1/fmap/sub-043_ses-1_magnitude2.json']	['sub-043/ses-1/func/sub-043_ses-1_task-resting_bold.nii.gz', 'sub-043/ses-1/func/sub-043_ses-1_task-resting_bold.json', 'sub-043/ses-1/func/sub-043_ses-1_task-resting_events.tsv', 'sub-043/ses-1/func/sub-043_ses-1_task-training_run-1_bold.nii.gz', 'sub-043/ses-1/func/sub-043_ses-1_task-training_run-1_bold.json', 'sub-043/ses-1/func/sub-043_ses-1_task-training_run-2_bold.nii.gz', 'sub-043/ses-1/func/sub-043_ses-1_task-training_run-2_bold.json', 'sub-043/ses-1/func/sub-043_ses-1_task-training_run-1_events.tsv', 'sub-043/ses-1/func/sub-043_ses-1_task-training_run-2_events.tsv', 'sub-043/ses-1/func/sub-043_ses-1_task-pe_run-1_bold.nii.gz', 'sub-043/ses-1/func/sub-043_ses-1_task-pe_run-1_bold.json', 'sub-043/ses-1/func/sub-043_ses-1_task-pe_run-2_bold.nii.gz', 'sub-043/ses-1/func/sub-043_ses-1_task-pe_run-2_bold.json', 'sub-043/ses-1/func/sub-043_ses-1_task-pe_run-1_events.tsv', 'sub-043/ses-1/func/sub-043_ses-1_task-pe_run-2_events.tsv']
sub-044	['sub-044/ses-1/anat/sub-044_ses-1_T1w.nii.gz', 'sub-044/ses-1/anat/sub-044_ses-1_T1w.json']	['sub-044/ses-1/fmap/sub-044_ses-1_phasediff.nii.gz', 'sub-044/ses-1/fmap/sub-044_ses-1_phasediff.json', 'sub-044/ses-1/fmap/sub-044_ses-1_magnitude1.nii.gz', 'sub-044/ses-1/fmap/sub-044_ses-1_magnitude1.json', 'sub-044/ses-1/fmap/sub-044_ses-1_magnitude2.nii.gz', 'sub-044/ses-1/fmap/sub-044_ses-1_magnitude2.json']	['sub-044/ses-1/func/sub-044_ses-1_task-resting_bold.nii.gz', 'sub-044/ses-1/func/sub-044_ses-1_task-resting_bold.json', 'sub-044/ses-1/func/sub-044_ses-1_task-training_run-1_bold.nii.gz', 'sub-044/ses-1/func/sub-044_ses-1_task-training_run-1_bold.json', 'sub-044/ses-1/func/sub-044_ses-1_task-training_run-2_bold.nii.gz', 'sub-044/ses-1/func/sub-044_ses-1_task-training_run-2_bold.json', 'sub-044/ses-1/func/sub-044_ses-1_task-resting_events.tsv', 'sub-044/ses-1/func/sub-044_ses-1_task-training_run-1_events.tsv', 'sub-044/ses-1/func/sub-044_ses-1_task-training_run-2_events.tsv', 'sub-044/ses-1/func/sub-044_ses-1_task-pe_run-1_bold.nii.gz', 'sub-044/ses-1/func/sub-044_ses-1_task-pe_run-1_bold.json', 'sub-044/ses-1/func/sub-044_ses-1_task-pe_run-1_events.tsv', 'sub-044/ses-1/func/sub-044_ses-1_task-pe_run-2_bold.nii.gz', 'sub-044/ses-1/func/sub-044_ses-1_task-pe_run-2_bold.json', 'sub-044/ses-1/func/sub-044_ses-1_task-pe_run-2_events.tsv']
sub-045	[]	[]	['sub-045/ses-1/func/sub-045_ses-1_task-resting_bold.nii.gz', 'sub-045/ses-1/func/sub-045_ses-1_task-resting_bold.json', 'sub-045/ses-1/func/sub-045_ses-1_task-training_run-1_bold.nii.gz', 'sub-045/ses-1/func/sub-045_ses-1_task-training_run-1_bold.json', 'sub-045/ses-1/func/sub-045_ses-1_task-resting_events.tsv', 'sub-045/ses-1/func/sub-045_ses-1_task-training_run-1_events.tsv', 'sub-045/ses-1/func/sub-045_ses-1_task-training_run-2_bold.nii.gz', 'sub-045/ses-1/func/sub-045_ses-1_task-training_run-2_bold.json', 'sub-045/ses-1/func/sub-045_ses-1_task-pe_run-1_bold.nii.gz', 'sub-045/ses-1/func/sub-045_ses-1_task-pe_run-1_bold.json', 'sub-045/ses-1/func/sub-045_ses-1_task-pe_run-2_bold.nii.gz', 'sub-045/ses-1/func/sub-045_ses-1_task-pe_run-2_bold.json', 'sub-045/ses-1/func/sub-045_ses-1_task-training_run-2_events.tsv', 'sub-045/ses-1/func/sub-045_ses-1_task-pe_run-1_events.tsv', 'sub-045/ses-1/func/sub-045_ses-1_task-pe_run-2_events.tsv']
sub-046	['sub-046/ses-1/anat/sub-046_ses-1_T1w.nii.gz', 'sub-046/ses-1/anat/sub-046_ses-1_T1w.json']	['sub-046/ses-1/fmap/sub-046_ses-1_phasediff.nii.gz', 'sub-046/ses-1/fmap/sub-046_ses-1_phasediff.json', 'sub-046/ses-1/fmap/sub-046_ses-1_magnitude1.nii.gz', 'sub-046/ses-1/fmap/sub-046_ses-1_magnitude1.json', 'sub-046/ses-1/fmap/sub-046_ses-1_magnitude2.nii.gz', 'sub-046/ses-1/fmap/sub-046_ses-1_magnitude2.json']	['sub-046/ses-1/func/sub-046_ses-1_task-resting_bold.nii.gz', 'sub-046/ses-1/func/sub-046_ses-1_task-resting_bold.json', 'sub-046/ses-1/func/sub-046_ses-1_task-training_run-1_bold.nii.gz', 'sub-046/ses-1/func/sub-046_ses-1_task-training_run-1_bold.json', 'sub-046/ses-1/func/sub-046_ses-1_task-training_run-2_bold.nii.gz', 'sub-046/ses-1/func/sub-046_ses-1_task-training_run-2_bold.json', 'sub-046/ses-1/func/sub-046_ses-1_task-resting_events.tsv', 'sub-046/ses-1/func/sub-046_ses-1_task-training_run-1_events.tsv', 'sub-046/ses-1/func/sub-046_ses-1_task-training_run-2_events.tsv', 'sub-046/ses-1/func/sub-046_ses-1_task-pe_run-1_bold.nii.gz', 'sub-046/ses-1/func/sub-046_ses-1_task-pe_run-1_bold.json', 'sub-046/ses-1/func/sub-046_ses-1_task-pe_run-2_bold.nii.gz', 'sub-046/ses-1/func/sub-046_ses-1_task-pe_run-2_bold.json', 'sub-046/ses-1/func/sub-046_ses-1_task-pe_run-1_events.tsv', 'sub-046/ses-1/func/sub-046_ses-1_task-pe_run-2_events.tsv']
sub-047	['sub-047/ses-1/anat/sub-047_ses-1_T1w.nii.gz', 'sub-047/ses-1/anat/sub-047_ses-1_T1w.json']	['sub-047/ses-1/fmap/sub-047_ses-1_phasediff.nii.gz', 'sub-047/ses-1/fmap/sub-047_ses-1_phasediff.json', 'sub-047/ses-1/fmap/sub-047_ses-1_magnitude1.nii.gz', 'sub-047/ses-1/fmap/sub-047_ses-1_magnitude1.json', 'sub-047/ses-1/fmap/sub-047_ses-1_magnitude2.nii.gz', 'sub-047/ses-1/fmap/sub-047_ses-1_magnitude2.json']	['sub-047/ses-1/func/sub-047_ses-1_task-resting_bold.nii.gz', 'sub-047/ses-1/func/sub-047_ses-1_task-resting_bold.json', 'sub-047/ses-1/func/sub-047_ses-1_task-training_run-1_bold.json', 'sub-047/ses-1/func/sub-047_ses-1_task-training_run-1_bold.nii.gz', 'sub-047/ses-1/func/sub-047_ses-1_task-training_run-1_events.tsv', 'sub-047/ses-1/func/sub-047_ses-1_task-training_run-2_bold.json', 'sub-047/ses-1/func/sub-047_ses-1_task-training_run-2_events.tsv', 'sub-047/ses-1/func/sub-047_ses-1_task-training_run-2_bold.nii.gz', 'sub-047/ses-1/func/sub-047_ses-1_task-resting_events.tsv', 'sub-047/ses-1/func/sub-047_ses-1_task-pe_run-1_bold.nii.gz', 'sub-047/ses-1/func/sub-047_ses-1_task-pe_run-1_bold.json', 'sub-047/ses-1/func/sub-047_ses-1_task-pe_run-1_events.tsv', 'sub-047/ses-1/func/sub-047_ses-1_task-pe_run-2_bold.nii.gz', 'sub-047/ses-1/func/sub-047_ses-1_task-pe_run-2_bold.json', 'sub-047/ses-1/func/sub-047_ses-1_task-pe_run-2_events.tsv']
sub-048	['sub-048/ses-1/anat/sub-048_ses-1_T1w.nii.gz', 'sub-048/ses-1/anat/sub-048_ses-1_T1w.json']	['sub-048/ses-1/fmap/sub-048_ses-1_phasediff.nii.gz', 'sub-048/ses-1/fmap/sub-048_ses-1_phasediff.json', 'sub-048/ses-1/fmap/sub-048_ses-1_magnitude1.nii.gz', 'sub-048/ses-1/fmap/sub-048_ses-1_magnitude1.json', 'sub-048/ses-1/fmap/sub-048_ses-1_magnitude2.nii.gz', 'sub-048/ses-1/fmap/sub-048_ses-1_magnitude2.json']	['sub-048/ses-1/func/sub-048_ses-1_task-resting_bold.nii.gz', 'sub-048/ses-1/func/sub-048_ses-1_task-resting_bold.json', 'sub-048/ses-1/func/sub-048_ses-1_task-training_run-1_bold.nii.gz', 'sub-048/ses-1/func/sub-048_ses-1_task-training_run-1_bold.json', 'sub-048/ses-1/func/sub-048_ses-1_task-training_run-2_bold.nii.gz', 'sub-048/ses-1/func/sub-048_ses-1_task-training_run-2_bold.json', 'sub-048/ses-1/func/sub-048_ses-1_task-resting_events.tsv', 'sub-048/ses-1/func/sub-048_ses-1_task-training_run-1_events.tsv', 'sub-048/ses-1/func/sub-048_ses-1_task-training_run-2_events.tsv', 'sub-048/ses-1/func/sub-048_ses-1_task-pe_run-1_bold.nii.gz', 'sub-048/ses-1/func/sub-048_ses-1_task-pe_run-1_bold.json', 'sub-048/ses-1/func/sub-048_ses-1_task-pe_run-1_events.tsv', 'sub-048/ses-1/func/sub-048_ses-1_task-pe_run-2_bold.nii.gz', 'sub-048/ses-1/func/sub-048_ses-1_task-pe_run-2_bold.json', 'sub-048/ses-1/func/sub-048_ses-1_task-pe_run-2_events.tsv']
sub-049	['sub-049/ses-1/anat/sub-049_ses-1_T1w.nii.gz', 'sub-049/ses-1/anat/sub-049_ses-1_T1w.json']	['sub-049/ses-1/fmap/sub-049_ses-1_phasediff.nii.gz', 'sub-049/ses-1/fmap/sub-049_ses-1_phasediff.json', 'sub-049/ses-1/fmap/sub-049_ses-1_magnitude1.nii.gz', 'sub-049/ses-1/fmap/sub-049_ses-1_magnitude1.json', 'sub-049/ses-1/fmap/sub-049_ses-1_magnitude2.nii.gz', 'sub-049/ses-1/fmap/sub-049_ses-1_magnitude2.json']	['sub-049/ses-1/func/sub-049_ses-1_task-resting_bold.nii.gz', 'sub-049/ses-1/func/sub-049_ses-1_task-resting_bold.json', 'sub-049/ses-1/func/sub-049_ses-1_task-resting_events.tsv', 'sub-049/ses-1/func/sub-049_ses-1_task-training_run-1_bold.nii.gz', 'sub-049/ses-1/func/sub-049_ses-1_task-training_run-1_bold.json', 'sub-049/ses-1/func/sub-049_ses-1_task-training_run-2_bold.nii.gz', 'sub-049/ses-1/func/sub-049_ses-1_task-training_run-2_bold.json', 'sub-049/ses-1/func/sub-049_ses-1_task-training_run-1_events.tsv', 'sub-049/ses-1/func/sub-049_ses-1_task-training_run-2_events.tsv', 'sub-049/ses-1/func/sub-049_ses-1_task-pe_run-1_bold.nii.gz', 'sub-049/ses-1/func/sub-049_ses-1_task-pe_run-1_bold.json', 'sub-049/ses-1/func/sub-049_ses-1_task-pe_run-1_events.tsv', 'sub-049/ses-1/func/sub-049_ses-1_task-pe_run-2_bold.nii.gz', 'sub-049/ses-1/func/sub-049_ses-1_task-pe_run-2_bold.json', 'sub-049/ses-1/func/sub-049_ses-1_task-pe_run-2_events.tsv']
sub-050	['sub-050/ses-1/anat/sub-050_ses-1_T1w.nii.gz', 'sub-050/ses-1/anat/sub-050_ses-1_T1w.json']	['sub-050/ses-1/fmap/sub-050_ses-1_phasediff.nii.gz', 'sub-050/ses-1/fmap/sub-050_ses-1_phasediff.json', 'sub-050/ses-1/fmap/sub-050_ses-1_magnitude1.nii.gz', 'sub-050/ses-1/fmap/sub-050_ses-1_magnitude1.json', 'sub-050/ses-1/fmap/sub-050_ses-1_magnitude2.nii.gz', 'sub-050/ses-1/fmap/sub-050_ses-1_magnitude2.json']	['sub-050/ses-1/func/sub-050_ses-1_task-resting_bold.nii.gz', 'sub-050/ses-1/func/sub-050_ses-1_task-resting_bold.json', 'sub-050/ses-1/func/sub-050_ses-1_task-resting_events.tsv', 'sub-050/ses-1/func/sub-050_ses-1_task-training_run-1_bold.nii.gz', 'sub-050/ses-1/func/sub-050_ses-1_task-training_run-1_bold.json', 'sub-050/ses-1/func/sub-050_ses-1_task-training_run-2_bold.nii.gz', 'sub-050/ses-1/func/sub-050_ses-1_task-training_run-2_bold.json', 'sub-050/ses-1/func/sub-050_ses-1_task-pe_run-1_bold.json', 'sub-050/ses-1/func/sub-050_ses-1_task-pe_run-1_bold.nii.gz', 'sub-050/ses-1/func/sub-050_ses-1_task-pe_run-1_events.tsv', 'sub-050/ses-1/func/sub-050_ses-1_task-pe_run-2_bold.json', 'sub-050/ses-1/func/sub-050_ses-1_task-pe_run-2_bold.nii.gz', 'sub-050/ses-1/func/sub-050_ses-1_task-pe_run-2_events.tsv', 'sub-050/ses-1/func/sub-050_ses-1_task-training_run-1_events.tsv', 'sub-050/ses-1/func/sub-050_ses-1_task-training_run-2_events.tsv']
sub-051	['sub-051/ses-1/anat/sub-051_ses-1_T1w.nii.gz', 'sub-051/ses-1/anat/sub-051_ses-1_T1w.json']	['sub-051/ses-1/fmap/sub-051_ses-1_phasediff.nii.gz', 'sub-051/ses-1/fmap/sub-051_ses-1_phasediff.json', 'sub-051/ses-1/fmap/sub-051_ses-1_magnitude1.nii.gz', 'sub-051/ses-1/fmap/sub-051_ses-1_magnitude1.json', 'sub-051/ses-1/fmap/sub-051_ses-1_magnitude2.nii.gz', 'sub-051/ses-1/fmap/sub-051_ses-1_magnitude2.json']	['sub-051/ses-1/func/sub-051_ses-1_task-resting_bold.nii.gz', 'sub-051/ses-1/func/sub-051_ses-1_task-resting_bold.json', 'sub-051/ses-1/func/sub-051_ses-1_task-training_run-1_bold.nii.gz', 'sub-051/ses-1/func/sub-051_ses-1_task-training_run-1_bold.json', 'sub-051/ses-1/func/sub-051_ses-1_task-training_run-2_bold.nii.gz', 'sub-051/ses-1/func/sub-051_ses-1_task-training_run-2_bold.json', 'sub-051/ses-1/func/sub-051_ses-1_task-resting_events.tsv', 'sub-051/ses-1/func/sub-051_ses-1_task-training_run-1_events.tsv', 'sub-051/ses-1/func/sub-051_ses-1_task-training_run-2_events.tsv', 'sub-051/ses-1/func/sub-051_ses-1_task-pe_run-1_bold.json', 'sub-051/ses-1/func/sub-051_ses-1_task-pe_run-1_bold.nii.gz', 'sub-051/ses-1/func/sub-051_ses-1_task-pe_run-1_events.tsv', 'sub-051/ses-1/func/sub-051_ses-1_task-pe_run-2_bold.json', 'sub-051/ses-1/func/sub-051_ses-1_task-pe_run-2_bold.nii.gz', 'sub-051/ses-1/func/sub-051_ses-1_task-pe_run-2_events.tsv']
sub-052	['sub-052/ses-1/anat/sub-052_ses-1_T1w.nii.gz', 'sub-052/ses-1/anat/sub-052_ses-1_T1w.json']	['sub-052/ses-1/fmap/sub-052_ses-1_phasediff.nii.gz', 'sub-052/ses-1/fmap/sub-052_ses-1_phasediff.json']	[]
sub-053	['sub-053/ses-1/anat/sub-053_ses-1_T1w.nii.gz', 'sub-053/ses-1/anat/sub-053_ses-1_T1w.json']	['sub-053/ses-1/fmap/sub-053_ses-1_phasediff.nii.gz', 'sub-053/ses-1/fmap/sub-053_ses-1_phasediff.json', 'sub-053/ses-1/fmap/sub-053_ses-1_magnitude1.nii.gz', 'sub-053/ses-1/fmap/sub-053_ses-1_magnitude1.json', 'sub-053/ses-1/fmap/sub-053_ses-1_magnitude2.nii.gz', 'sub-053/ses-1/fmap/sub-053_ses-1_magnitude2.json']	['sub-053/ses-1/func/sub-053_ses-1_task-resting_bold.nii.gz', 'sub-053/ses-1/func/sub-053_ses-1_task-resting_bold.json', 'sub-053/ses-1/func/sub-053_ses-1_task-resting_events.tsv', 'sub-053/ses-1/func/sub-053_ses-1_task-training_run-1_bold.nii.gz', 'sub-053/ses-1/func/sub-053_ses-1_task-training_run-1_bold.json', 'sub-053/ses-1/func/sub-053_ses-1_task-training_run-2_bold.nii.gz', 'sub-053/ses-1/func/sub-053_ses-1_task-training_run-2_bold.json', 'sub-053/ses-1/func/sub-053_ses-1_task-training_run-1_events.tsv', 'sub-053/ses-1/func/sub-053_ses-1_task-training_run-2_events.tsv', 'sub-053/ses-1/func/sub-053_ses-1_task-pe_run-1_bold.nii.gz', 'sub-053/ses-1/func/sub-053_ses-1_task-pe_run-1_bold.json', 'sub-053/ses-1/func/sub-053_ses-1_task-pe_run-1_events.tsv', 'sub-053/ses-1/func/sub-053_ses-1_task-pe_run-2_bold.nii.gz', 'sub-053/ses-1/func/sub-053_ses-1_task-pe_run-2_bold.json', 'sub-053/ses-1/func/sub-053_ses-1_task-pe_run-2_events.tsv']
sub-055	['sub-055/ses-1/anat/sub-055_ses-1_T1w.nii.gz', 'sub-055/ses-1/anat/sub-055_ses-1_T1w.json']	['sub-055/ses-1/fmap/sub-055_ses-1_phasediff.nii.gz', 'sub-055/ses-1/fmap/sub-055_ses-1_phasediff.json']	['sub-055/ses-1/func/sub-055_ses-1_task-resting_bold.nii.gz', 'sub-055/ses-1/func/sub-055_ses-1_task-resting_bold.json', 'sub-055/ses-1/func/sub-055_ses-1_task-training_run-1_bold.nii.gz', 'sub-055/ses-1/func/sub-055_ses-1_task-training_run-1_bold.json', 'sub-055/ses-1/func/sub-055_ses-1_task-training_run-2_bold.nii.gz', 'sub-055/ses-1/func/sub-055_ses-1_task-training_run-2_bold.json', 'sub-055/ses-1/func/sub-055_ses-1_task-resting_events.tsv', 'sub-055/ses-1/func/sub-055_ses-1_task-training_run-1_events.tsv', 'sub-055/ses-1/func/sub-055_ses-1_task-training_run-2_events.tsv', 'sub-055/ses-1/func/sub-055_ses-1_task-pe_run-1_bold.nii.gz', 'sub-055/ses-1/func/sub-055_ses-1_task-pe_run-1_bold.json', 'sub-055/ses-1/func/sub-055_ses-1_task-pe_run-1_events.tsv', 'sub-055/ses-1/func/sub-055_ses-1_task-pe_run-2_bold.nii.gz', 'sub-055/ses-1/func/sub-055_ses-1_task-pe_run-2_bold.json', 'sub-055/ses-1/func/sub-055_ses-1_task-pe_run-2_events.tsv']
sub-056	['sub-056/ses-1/anat/sub-056_ses-1_T1w.nii.gz', 'sub-056/ses-1/anat/sub-056_ses-1_T1w.json']	['sub-056/ses-1/fmap/sub-056_ses-1_phasediff.nii.gz', 'sub-056/ses-1/fmap/sub-056_ses-1_phasediff.json', 'sub-056/ses-1/fmap/sub-056_ses-1_magnitude1.nii.gz', 'sub-056/ses-1/fmap/sub-056_ses-1_magnitude1.json', 'sub-056/ses-1/fmap/sub-056_ses-1_magnitude2.nii.gz', 'sub-056/ses-1/fmap/sub-056_ses-1_magnitude2.json']	['sub-056/ses-1/func/sub-056_ses-1_task-resting_bold.nii.gz', 'sub-056/ses-1/func/sub-056_ses-1_task-resting_bold.json', 'sub-056/ses-1/func/sub-056_ses-1_task-resting_events.tsv', 'sub-056/ses-1/func/sub-056_ses-1_task-training_run-1_bold.nii.gz', 'sub-056/ses-1/func/sub-056_ses-1_task-training_run-1_bold.json', 'sub-056/ses-1/func/sub-056_ses-1_task-training_run-2_bold.nii.gz', 'sub-056/ses-1/func/sub-056_ses-1_task-training_run-2_bold.json', 'sub-056/ses-1/func/sub-056_ses-1_task-training_run-1_events.tsv', 'sub-056/ses-1/func/sub-056_ses-1_task-training_run-2_events.tsv', 'sub-056/ses-1/func/sub-056_ses-1_task-pe_run-1_bold.nii.gz', 'sub-056/ses-1/func/sub-056_ses-1_task-pe_run-1_bold.json', 'sub-056/ses-1/func/sub-056_ses-1_task-pe_run-1_events.tsv']
